"","Japan","Hokkaido","Aomori","Iwate","Miyagi","Akita","Yamagata","Fukushima","Ibaraki","Tochigi","Gunma","Saitama","Chiba","Tokyo","Kanagawa","Niigata","Toyama","Ishikawa","Fukui","Yamanashi","Nagano","Gifu","Shizuoka","Aichi","Mie","Shiga","Kyoto","Osaka","Hyogo","Nara","Wakayama","Tottori","Shimane","Okayama","Hiroshima","Yamaguchi","Tokushima","Kagawa","Ehime","Kochi","Fukuoka","Saga","Nagasaki","Kumamoto","Oita","Miyazaki","Kagoshima"
"1990",-5.01032282108215,-5.03546608524139,-4.92298454986505,-4.87342756136381,-5.07867510552803,-4.81280830933146,-4.79787401265838,-4.89627171271681,-5.00726106563886,-4.95246284699605,-4.96936407566984,-5.31340420255396,-5.25165681965359,-5.11449845312509,-5.29504041989968,-4.88661008711844,-4.86320024576941,-4.95137496803897,-4.88275112598683,-4.85966553683592,-4.86338199288873,-4.98761868645927,-5.04506874728591,-5.17551324742149,-4.87482488371826,-5.02785753164608,-4.95581542897764,-5.08750401774763,-4.97586532135989,-5.02914002881791,-4.7518431123525,-4.77126662862383,-4.70456864407384,-4.83035137273829,-4.93155580659621,-4.77060271354089,-4.7425958122481,-4.81165894569589,-4.80314615346671,-4.67764226931001,-4.95986963166065,-4.79767871908769,-4.8343267160966,-4.8432438262836,-4.79730612880196,-4.88346190333618,-4.73537135467362
"1991",-5.00194274280724,-5.03147911505809,-4.88298315718234,-4.8395389159142,-5.06659289959274,-4.78527039509828,-4.77090842343838,-4.88579389076596,-5.01073047307275,-4.96084060568111,-4.95397477247798,-5.31354618973676,-5.23486217650449,-5.1092545000315,-5.28227351334969,-4.86573100902068,-4.85731766395414,-4.91885949293334,-4.87547311052733,-4.88615643924911,-4.85434025618874,-4.97235106822777,-5.03460998474659,-5.15690120535956,-4.88730983903664,-4.98913082752221,-4.94082182399079,-5.08464418833458,-4.95177692471356,-5.00715400312858,-4.74154681129588,-4.7384329779582,-4.70860048049272,-4.85130693770122,-4.93062520246486,-4.77024580379711,-4.78360338656177,-4.78690013869339,-4.77728762252414,-4.69178557730736,-4.95235302803635,-4.78018958768157,-4.81930623056628,-4.83790002853867,-4.79464930397894,-4.88477308857011,-4.73543372614519
"1992",-4.97335951655287,-4.99118130386863,-4.84945790793551,-4.82589449530318,-5.03950028113005,-4.74963050518548,-4.74898645903046,-4.8545048151655,-4.97469395203218,-4.92174149685063,-4.9376227364943,-5.26839456888352,-5.18785545547116,-5.0751222480699,-5.2477317527999,-4.8176632802063,-4.81789592369154,-4.90697069308641,-4.86279692280994,-4.86134821671985,-4.80110607181891,-4.95120128294853,-5.00578843464972,-5.12730416683667,-4.86573721298286,-5.00672439980404,-4.91543273622938,-5.05270230509083,-4.93271266907919,-5.0041781991044,-4.71519667924474,-4.74011925516144,-4.67263083780421,-4.81539870632257,-4.90039414297973,-4.73006488849651,-4.7469494729496,-4.77435751890482,-4.7748529205255,-4.6499271339845,-4.93828157057035,-4.77724419016358,-4.80964867696128,-4.83201556131755,-4.77262680983667,-4.8564511304863,-4.72594104739496
"1993",-4.9511344896973,-4.95756489001701,-4.79990790848976,-4.79288208121965,-5.02783215389867,-4.72765392928814,-4.74374332348442,-4.83284588419868,-4.95829201793255,-4.895829785743,-4.91171769596087,-5.24066448678205,-5.1739377605599,-5.0483419203698,-5.21557453464073,-4.81120887737085,-4.80665103586345,-4.87807904597252,-4.82648708507599,-4.81721594558869,-4.81683617685919,-4.94083883320023,-4.98969364198836,-5.10986693489103,-4.84737869190172,-4.97009996301801,-4.89744110399756,-5.02711067751214,-4.90270946909263,-4.96997259561528,-4.70585212016404,-4.71498142021064,-4.67044928440379,-4.79793332537998,-4.88749466609845,-4.713869440275,-4.74990752494325,-4.78203219066672,-4.75577623021186,-4.59720097850054,-4.90822523191602,-4.76885653723212,-4.76777526423323,-4.7857470188958,-4.76870416435175,-4.84359285186891,-4.70521432449253
"1994",-4.95662629909499,-4.98220752826096,-4.82215096728134,-4.82442984427464,-5.02175123711595,-4.7100769923563,-4.72192250050409,-4.84046331019915,-4.97829316650958,-4.91846020444633,-4.90349463668371,-5.25217151695963,-5.16157162900044,-5.0394762885037,-5.20661928251831,-4.79147591470413,-4.81201572250529,-4.88966913628103,-4.83665314372439,-4.84089543563022,-4.78361739475046,-4.91569208912247,-4.9761633839986,-5.10120213202514,-4.83894993736592,-4.98651201502893,-4.91956025102182,-5.04073750626855,-4.90775541947009,-4.98735321374348,-4.71539462612237,-4.71621618699758,-4.65853873876869,-4.79222265909738,-4.88668949493059,-4.7362375622289,-4.71100609639376,-4.77603291670852,-4.7566788042603,-4.65567302252661,-4.94073242300466,-4.79482161971345,-4.80810110207263,-4.83739907052218,-4.78888813740561,-4.85593608414885,-4.7236400429259
"1995",-4.90811292471252,-4.93989996148724,-4.77560166122264,-4.77179164365345,-4.97964259527005,-4.71120405567823,-4.71696489678133,-4.78897533749297,-4.90988682758937,-4.89869312150115,-4.85726558269019,-5.20362445317918,-5.12120281669293,-4.99447590479148,-5.16625367236726,-4.76491206911646,-4.76396566233052,-4.85371665910126,-4.79688396931903,-4.80347073975397,-4.79469624838884,-4.88260663976145,-4.93348228572988,-5.06279462913045,-4.79714526078332,-4.95678272514848,-4.89645083056967,-4.99807257612126,-4.73323687487196,-4.94827151986548,-4.67414356372253,-4.66560894696527,-4.6093367913926,-4.76646518308318,-4.84065517274234,-4.6712024919858,-4.68970950662457,-4.75293354838647,-4.71528009419717,-4.61529693529168,-4.88220715626951,-4.71336450354806,-4.73358486133107,-4.79490854997518,-4.72460078531469,-4.78399652618261,-4.64618324006511
"1996",-4.93891622125394,-4.93886818411142,-4.77231508695888,-4.78607972656418,-4.99913440483868,-4.69310303664618,-4.70913213056524,-4.79592659222181,-4.94785496193072,-4.90975685853364,-4.90042012920719,-5.21538866389277,-5.13792287566426,-5.01338848034812,-5.18628869130105,-4.80083616080332,-4.80283278115748,-4.87850281796723,-4.82153525968883,-4.82903765710457,-4.78153010033145,-4.91431308276879,-4.95814424774408,-5.08382653874255,-4.82762586519769,-5.00073721930043,-4.91115550802274,-5.01753144585028,-4.91982065030953,-4.98496386810521,-4.70716766923577,-4.73901726711972,-4.6302089060855,-4.78907452425436,-4.88332615137486,-4.70594408275081,-4.69545363958741,-4.75388500471648,-4.72930255029613,-4.64526231746937,-4.92402594921441,-4.76607892594487,-4.78080817203652,-4.83854958407385,-4.75700535159668,-4.83853665930707,-4.68898810717444
"1997",-4.92258773510265,-4.92744898527279,-4.75540003942817,-4.75659735782964,-4.98318139263205,-4.65391500158156,-4.69411106858333,-4.78956754891682,-4.9080407931716,-4.88036164743109,-4.89315088494288,-5.20364681084578,-5.12095976976901,-5.0005492079778,-5.1592567976285,-4.77450441815162,-4.7679484359564,-4.86896343631731,-4.7714624387742,-4.83174048340911,-4.77076971700385,-4.89071650463014,-4.94994608033704,-5.07576571174352,-4.83950610882421,-4.99337762902458,-4.90403433999118,-5.00754459871828,-4.90891121856113,-4.96716429140442,-4.70177888470166,-4.68474177554069,-4.62173062656197,-4.78666858567291,-4.85272204332536,-4.68666220727156,-4.67455497620842,-4.73984004433694,-4.71443746407987,-4.62876899175407,-4.89819294141707,-4.7210730378895,-4.77358509306205,-4.80236156334697,-4.74312732937546,-4.79147741050955,-4.69237984802686
"1998",-4.89978873363078,-4.91492432907531,-4.75532398592047,-4.74306453379672,-4.96401445996782,-4.64846024957914,-4.68990089313978,-4.75695210745101,-4.89379616754766,-4.86737713527429,-4.84063412918875,-5.15378591588732,-5.0762714135519,-4.97987023611343,-5.1236240242626,-4.75938016249267,-4.74149029120192,-4.82827325577452,-4.80395211153494,-4.79056215119967,-4.76404853807427,-4.87500323010055,-4.92016329081413,-5.04948285469252,-4.80163137388951,-4.98238180364431,-4.87404501105171,-4.97729988136362,-4.88628746575034,-4.93284685464985,-4.67372473206154,-4.70180993760679,-4.64066799981642,-4.77972377201657,-4.83986191810995,-4.6386670073139,-4.68393930115233,-4.72467154701146,-4.69725285119851,-4.61597728315026,-4.87140785524468,-4.72055189468815,-4.74288170409615,-4.78961188284163,-4.72718174856663,-4.78855707642994,-4.6753137300381
"1999",-4.8544524590028,-4.85266437896163,-4.69982461132208,-4.66523349152594,-4.89741276329185,-4.59086026337483,-4.61925525391443,-4.70871863651678,-4.84222805512638,-4.8299251676875,-4.78636026753665,-5.11752668291753,-5.03097316669714,-4.92874038190689,-5.08958311927126,-4.69942993815498,-4.69607048646288,-4.7828617678282,-4.76481968896324,-4.7540908480171,-4.72366654249218,-4.81858295591218,-4.86439275061168,-5.01554127286511,-4.79287380506908,-4.94006198920249,-4.83387136780987,-4.94430728114271,-4.86712921282664,-4.91492865459823,-4.65732517628854,-4.65457203696376,-4.53223526076897,-4.71635314268526,-4.79513187340543,-4.59211465317919,-4.63110927719711,-4.6998438579154,-4.65208007959599,-4.54612186319065,-4.82633154447954,-4.71079682162637,-4.69947910239607,-4.7078010250419,-4.67352921856294,-4.75177664708659,-4.59724613839496
"2000",-4.8767554157032,-4.87465808512796,-4.72027275402395,-4.73000642610005,-4.92675168937657,-4.59578186874634,-4.65390434500504,-4.73546160987545,-4.86457372980369,-4.84711868888767,-4.8209710954108,-5.1356700750288,-5.06175733802204,-4.95134259288671,-5.11325890860623,-4.73088721108877,-4.74224110297156,-4.8330711930587,-4.77548095971363,-4.79288390465621,-4.73138290574176,-4.83730108763755,-4.88044392761884,-5.0216626976463,-4.79022331551286,-4.96786249978792,-4.85764344359364,-4.95075980287412,-4.87701740217292,-4.93503180857303,-4.65078969707178,-4.63921180741874,-4.59339955136818,-4.74608324148873,-4.81778687017116,-4.61146501264037,-4.642573021887,-4.68600860174986,-4.68816851482528,-4.5839434894645,-4.86464472069808,-4.71158437080561,-4.72176466893566,-4.75822070238998,-4.6838119793218,-4.77340564983409,-4.65642265006521
"2001",-4.86961087239695,-4.86731354393145,-4.70800132766048,-4.68645258081587,-4.91783271444541,-4.60246466601332,-4.63356001725219,-4.71481758481738,-4.85730857170942,-4.84435773628556,-4.82188711383321,-5.11586104992018,-5.05148592345922,-4.94996885730958,-5.09426985503418,-4.70836187098515,-4.73781218117929,-4.82691493036265,-4.78532141679897,-4.76280831159473,-4.72990131991469,-4.83987949904975,-4.86096635039401,-5.0134670167568,-4.80604745803264,-4.95782605430021,-4.86960823140138,-4.94450931782261,-4.87095198590831,-4.92583075837622,-4.63874579730604,-4.65617701579097,-4.59329619972792,-4.74167155175949,-4.80694102068737,-4.61864180940838,-4.63412821738383,-4.71364875687692,-4.66970536701748,-4.5808581011316,-4.86413639292946,-4.71981948660727,-4.72418159905858,-4.75433290264796,-4.70377750666576,-4.73889910016722,-4.62750739988906
"2002",-4.85890375383201,-4.85140133909788,-4.69167109392407,-4.68879829226855,-4.90271325706819,-4.56855519412956,-4.63329177115585,-4.72261529931331,-4.82844189013043,-4.82356377217999,-4.80090884629417,-5.0909325475707,-5.00660158761396,-4.95179951272713,-5.07460004891755,-4.70628231833201,-4.741825406994,-4.81075631030551,-4.76706459811891,-4.77143962297059,-4.716281755414,-4.81631525780785,-4.86246344473114,-5.00422537856337,-4.79035658532688,-4.9749158094466,-4.85541036976333,-4.93945175399608,-4.87603990331643,-4.90985019815358,-4.64690143557311,-4.64794027323807,-4.56710256587502,-4.7403032956462,-4.80621023506903,-4.6071419423972,-4.6485527987922,-4.68154051380364,-4.66476023735451,-4.56888034473332,-4.84545862522535,-4.71794821925913,-4.69226932271806,-4.71855087999718,-4.68744042174091,-4.74285983226932,-4.62342238895622
"2003",-4.82730979052988,-4.80671542628284,-4.64610280179035,-4.63719375202073,-4.86895595792235,-4.52769153503341,-4.59706897638267,-4.67741460382991,-4.79011956464792,-4.77203728735901,-4.77271546367519,-5.05974778008232,-4.98964450685473,-4.93262393575679,-5.05474704110272,-4.66252766523918,-4.66333968060688,-4.76028210508336,-4.7283161651605,-4.73893231374792,-4.7025931898819,-4.80345212305337,-4.83103542807721,-4.98156301622003,-4.75500307648638,-4.9251210764505,-4.83851438695565,-4.90376376359436,-4.83473768046089,-4.88722199035793,-4.61715404130894,-4.61095852768836,-4.53471663628066,-4.70487364571388,-4.77119446282878,-4.58780570415448,-4.58521400623348,-4.66855380819282,-4.61167279795729,-4.55247652346585,-4.81287372281441,-4.67504644313063,-4.66177523613582,-4.68734740599789,-4.65543432040989,-4.69597072334828,-4.60071352557547
"2004",-4.81468881992294,-4.78096621473014,-4.61465681554177,-4.61902092160029,-4.84853710677195,-4.51254664205898,-4.57282525196246,-4.65379775149877,-4.80081092006619,-4.77990058798161,-4.75336888103439,-5.04408182124332,-4.96786370393665,-4.92622591139984,-5.04968278248376,-4.64350697236167,-4.67048111966828,-4.76835112053099,-4.69769181287518,-4.71808902196291,-4.66685299117389,-4.7686375515914,-4.83204659781332,-4.96626818849533,-4.74542945524158,-4.94530204140615,-4.81659540872026,-4.89132534819281,-4.82143055580235,-4.8530643121425,-4.59205768158049,-4.59264136383367,-4.50991939953716,-4.71519481344493,-4.76456301478867,-4.55714818585056,-4.57675158894028,-4.65009014877953,-4.61133656161743,-4.51921245870122,-4.80504642262646,-4.66330287499367,-4.65414019250513,-4.68505306405043,-4.6376270146354,-4.69905273423894,-4.57482384538435
"2005",-4.76253411907933,-4.72383845882816,-4.57218173670161,-4.55057988313065,-4.78196954367679,-4.4765663813516,-4.51996536574364,-4.60222576897053,-4.73907050126126,-4.70477519073047,-4.67972389764805,-4.98091269016602,-4.91549800861796,-4.88035902406575,-4.99588373498573,-4.60208886628187,-4.6231937705808,-4.72692207824884,-4.65311653017129,-4.65997409190713,-4.62253751162887,-4.72159021658206,-4.76816941533966,-4.90970267381211,-4.67651688680698,-4.87371367587069,-4.77004162413155,-4.8391021842361,-4.77412542851228,-4.7836495565867,-4.52415617526521,-4.56666818901773,-4.46211731164349,-4.66126000640918,-4.7174417964683,-4.50045114780151,-4.54302610851843,-4.59070404202015,-4.55306768287015,-4.47005864756882,-4.76931939060727,-4.62130435950019,-4.60184608915933,-4.63457873875036,-4.5993247224333,-4.64010938612963,-4.52828143038379
"2006",-4.76219273758543,-4.71520743586747,-4.57409549724671,-4.55005075194376,-4.77986592274332,-4.42934295017949,-4.51383521564974,-4.61872913362047,-4.72947014693975,-4.7123454552491,-4.70560253244086,-4.97367868532104,-4.9029818018231,-4.88795287547841,-5.00021006901563,-4.61652617915872,-4.61098589313707,-4.73374913017226,-4.65606783249709,-4.64458417176788,-4.63145621311052,-4.71227078447223,-4.75986765278877,-4.91863605179125,-4.67454983211047,-4.8700826713016,-4.75734610394213,-4.83448117689095,-4.77863292456555,-4.7977035994583,-4.53716541000018,-4.55878089254844,-4.46848892265701,-4.66751712258395,-4.71038652268153,-4.50137992326933,-4.5242896970294,-4.58970068050961,-4.5575276738908,-4.48451090929787,-4.75674318934186,-4.62935319390305,-4.58973000694457,-4.62227611625236,-4.60224550089197,-4.6397164735301,-4.53083636060853
"2007",-4.7414907977792,-4.68737199857874,-4.55044006858252,-4.52796209366445,-4.7515982339284,-4.40623018904595,-4.5063012141454,-4.57452165367706,-4.72213415065795,-4.69941335455086,-4.68057874620156,-4.94702519190177,-4.89326662249713,-4.86807542035595,-4.97024582744128,-4.56416873449423,-4.58717797803126,-4.6923235781076,-4.63162336512577,-4.64562841711663,-4.59190757385286,-4.6967337617623,-4.74430613122645,-4.89845615719401,-4.67415322047224,-4.86089141659493,-4.74836838237158,-4.81828895374063,-4.75022784780169,-4.77738357235375,-4.51057432768687,-4.51062029750019,-4.43854315186021,-4.66594677651335,-4.69699977050486,-4.47758750132761,-4.54646324117842,-4.57002294140151,-4.54643579189101,-4.46015902189364,-4.74311295455677,-4.58598065408926,-4.55862195631281,-4.60356362300519,-4.59233041804076,-4.61749691782664,-4.49155084686835
"2008",-4.71181956237486,-4.65474423633739,-4.51386674107018,-4.50180817322332,-4.73626661949721,-4.4032316563049,-4.46328482712264,-4.55692276926577,-4.67711962408498,-4.6843358337097,-4.65614357665793,-4.91947418850803,-4.86257224149125,-4.8574974807944,-4.93357464128202,-4.56868489482111,-4.54547804904619,-4.66565523667123,-4.6030500172351,-4.59615262376569,-4.5533820175183,-4.6638346507619,-4.68394346836613,-4.85860769089043,-4.6306379771561,-4.82462905187057,-4.7306666237104,-4.78308168507945,-4.72597304542624,-4.73570121341385,-4.4682378404214,-4.49272585478094,-4.39206171941375,-4.60695333707315,-4.65444573795048,-4.46197534656626,-4.49516845460932,-4.54549020124952,-4.51955563790713,-4.41150167556453,-4.71734519756288,-4.55985598962263,-4.52735777172932,-4.57029133289327,-4.55381875641129,-4.56494918987384,-4.46400151405865
"2009",-4.71262159131906,-4.64515011365737,-4.50437355638485,-4.4681906794551,-4.72769102860482,-4.37558680565758,-4.45362657428368,-4.55078306146271,-4.66422114650683,-4.6659095940677,-4.6286802707878,-4.91120239798917,-4.85330222556773,-4.86535082327399,-4.93977768028454,-4.55373824046703,-4.55531284675044,-4.64354511115329,-4.58702905707306,-4.60755173084615,-4.57393656515481,-4.66592721773498,-4.69186885319285,-4.87818205758603,-4.64726505784666,-4.83585897666917,-4.72292436244022,-4.78184524975448,-4.7307777156993,-4.7496521878778,-4.45640756627903,-4.49343709686712,-4.40227341388284,-4.62916165424628,-4.65889523082593,-4.45056154735738,-4.50706060054254,-4.5420473679977,-4.52008103207077,-4.40543955411263,-4.72382791299872,-4.57415712691795,-4.53163257757644,-4.59167103952183,-4.55994398889561,-4.55978353782448,-4.48135771415429
"2010",-4.66517182246107,-4.60016596597097,-4.4544377732592,-4.43803245893059,-4.67320050690935,-4.33422332881981,-4.41996304192453,-4.49006594213984,-4.63399810510422,-4.61591430500261,-4.57806141124339,-4.85681528945796,-4.81263614044117,-4.81456307158648,-4.88329063711386,-4.49189009160431,-4.51696429847047,-4.60882235948768,-4.55467678133079,-4.52688754323731,-4.52600163588124,-4.621154292547,-4.62753559063436,-4.82436359284322,-4.58480413033424,-4.78887371438811,-4.69914063689952,-4.73704068759968,-4.67631284245947,-4.67629165441288,-4.42261798629592,-4.43886372543715,-4.36644912030289,-4.56103285770017,-4.63614940363812,-4.40684884952337,-4.43500436750695,-4.49848050272865,-4.47293017291441,-4.36103323124184,-4.67846964362034,-4.52689531497953,-4.47281604040062,-4.55023332225976,-4.52068615528449,-4.52604113068433,-4.43507834355209
"2011",-4.61844755456862,-4.56750791276124,-4.42073999358971,-4.07789441147008,-4.2304639443789,-4.29828692758599,-4.35665212375881,-4.34265999157027,-4.58699141946806,-4.57496050712403,-4.54848361671045,-4.82073347098452,-4.78096475866056,-4.80546522316028,-4.83983615007776,-4.45998188915508,-4.48065874395501,-4.57749362723169,-4.5100892154152,-4.51019246664264,-4.48897318521533,-4.57622148725855,-4.60071872824738,-4.8051817677013,-4.55055792286029,-4.76779826829725,-4.65567850333008,-4.70607206926568,-4.66173716587005,-4.65477039127326,-4.39301393017979,-4.43373364028561,-4.32656941162561,-4.55036212150709,-4.59762629596207,-4.38721116393764,-4.41251928226669,-4.47175256914385,-4.43077543766806,-4.33881066167021,-4.65540736502616,-4.49533862345055,-4.44453558122342,-4.50690533891591,-4.45495989893606,-4.46919183786253,-4.39194670904709
"2012",-4.61447594029256,-4.54505233413044,-4.36045148864065,-4.39946587353907,-4.65957391148053,-4.27318270099916,-4.35855262752005,-4.44011288206583,-4.58086026411164,-4.55712222292114,-4.53379936996812,-4.79802075767716,-4.75234612650661,-4.77810341201068,-4.8279115579077,-4.42787501986567,-4.437285441532,-4.55405397662675,-4.50251535694243,-4.48363416664844,-4.46111750965243,-4.55137309477501,-4.57511109665936,-4.78168437437824,-4.55004189553267,-4.74131678103878,-4.62710497172713,-4.68807720459297,-4.63509069203174,-4.62074522376579,-4.37687328582412,-4.41296171013811,-4.31019637577165,-4.51192222731638,-4.57418077899154,-4.36240097354242,-4.37119544738991,-4.46521428541032,-4.40926713445863,-4.30548529865456,-4.64038630747457,-4.47137333404365,-4.43046568120964,-4.47660557882838,-4.43387792321169,-4.45936783261998,-4.37543747528949
"2013",-4.60331990853313,-4.51732830526297,-4.36197099918335,-4.40068589069503,-4.65442670497478,-4.26370904137017,-4.33202951109099,-4.4212817067751,-4.56551119522592,-4.56367294011055,-4.5074092443247,-4.78067320657747,-4.74475144795139,-4.77056648174706,-4.81594262601099,-4.41079370233671,-4.44854475237139,-4.55188763259533,-4.50201022515081,-4.4889476389885,-4.46309408958338,-4.5467910302367,-4.56627560579329,-4.7668030592155,-4.52158266993664,-4.74051255493169,-4.62774224951733,-4.6708094141576,-4.62021131781998,-4.58925294231501,-4.3427367298532,-4.38102097452801,-4.29701922364792,-4.50897311456516,-4.57045100484927,-4.34372604972232,-4.34040994726889,-4.44850623375945,-4.38795886993463,-4.28593553977931,-4.63093779501052,-4.46977724300438,-4.39751566910725,-4.48912748985299,-4.44202879316697,-4.46540685214629,-4.37362609586063
"2014",-4.59772271282103,-4.5030155605733,-4.35606789615376,-4.37482117568226,-4.62622133889853,-4.23318368203792,-4.32495419359625,-4.41534557920061,-4.56182453925599,-4.55094235007708,-4.51429565946864,-4.76519097836895,-4.73706257751746,-4.77025929411059,-4.79745262518566,-4.40710874794736,-4.44098346433945,-4.55136455840618,-4.49107174022602,-4.44985560976375,-4.44010435985209,-4.53535903133397,-4.5637817664634,-4.76752328956693,-4.52634748768141,-4.73952805989951,-4.61917187926632,-4.67252430569897,-4.62155787964705,-4.59715066682752,-4.34758904757835,-4.40100432518514,-4.31178010363956,-4.51388022688089,-4.56530384532589,-4.36707620991536,-4.34928931587502,-4.44570524838006,-4.37880333455482,-4.30220857496772,-4.63453008166529,-4.45748420973137,-4.39814608838769,-4.47544376427984,-4.42295594881849,-4.4445867297082,-4.35485931468634
"2015",-4.58172429651697,-4.48683002048577,-4.33921306524629,-4.35277032553835,-4.61355370318459,-4.24166404742067,-4.32141150590225,-4.37407934814205,-4.53564422625322,-4.56008221134491,-4.50603288606971,-4.74495583517898,-4.6978381244623,-4.768798429934,-4.77968287484674,-4.40091014366187,-4.42440760798688,-4.54147233202588,-4.4685829472898,-4.45464731848632,-4.44338227254658,-4.51447209666031,-4.52936266858258,-4.7424687578095,-4.49010772258464,-4.7196732185333,-4.61620664916924,-4.64814106981908,-4.59617402336164,-4.58582806392162,-4.34473654611649,-4.36818053203653,-4.28085391823865,-4.48865565560745,-4.54885353874198,-4.3436273944256,-4.34208129031353,-4.43300883491658,-4.3684658616663,-4.28918548249183,-4.61578282601457,-4.45599150402381,-4.40461792215036,-4.46027273386749,-4.42475493924978,-4.40995280697629,-4.35010396073083
"2016",-4.56589516778006,-4.46068161443203,-4.31949667093985,-4.31681258113612,-4.59387299765345,-4.19902257998993,-4.29705095641414,-4.36630805187393,-4.51909268173442,-4.51164993606819,-4.47320262251967,-4.73115755761426,-4.69211971037917,-4.7588175202404,-4.75981700774487,-4.37520691285112,-4.40746601426649,-4.52599787614129,-4.43439700728555,-4.45562160693294,-4.41453987483501,-4.48691641605251,-4.53066683056409,-4.72521550168575,-4.48659676950185,-4.71908172777856,-4.60089749014265,-4.63744465789968,-4.59283681876116,-4.56948562418001,-4.3306552148387,-4.35016412938456,-4.27800593703606,-4.48439155726911,-4.54218966653481,-4.32692347611683,-4.33239951565479,-4.40114449729823,-4.35265263653214,-4.25105988869991,-4.6017887027019,-4.44793008762345,-4.38356053253965,-4.4221693118035,-4.39628471620382,-4.38741256340136,-4.33104443368491
"2017",-4.53935341343916,-4.4466468332105,-4.29400777720569,-4.28991560237167,-4.57261266740401,-4.1746063999502,-4.27810249279973,-4.33321175738167,-4.48800903699189,-4.48822205989648,-4.44695140793326,-4.6966959098639,-4.64769083842592,-4.73976092262638,-4.72325813628839,-4.34911430792413,-4.37850296991939,-4.49790790934137,-4.41620295802858,-4.4375347672379,-4.38772292858062,-4.45879829503928,-4.48176264669459,-4.69622221720436,-4.45878057432295,-4.67237028062425,-4.5758009834229,-4.60491451869018,-4.56948815261641,-4.53354530600246,-4.31008909353029,-4.32000417127628,-4.25711072145359,-4.477521682991,-4.51224495208688,-4.29879819424012,-4.28860459876804,-4.39592494499284,-4.32244306576744,-4.25613192497757,-4.57371988493929,-4.41761996096792,-4.34877745385879,-4.4069752889181,-4.38005045149987,-4.37882178079438,-4.31340427290317
"2018",-4.52031772437719,-4.41318008445463,-4.26280616992566,-4.26968018088373,-4.54692250555184,-4.16141778019211,-4.2681062636297,-4.32516470376948,-4.46231297624731,-4.47950084908166,-4.42640063615264,-4.66764715373033,-4.63875837210347,-4.72217081154009,-4.70013092560669,-4.31450244018889,-4.37840372162915,-4.49403370846118,-4.42381641298864,-4.40711624752082,-4.39180247409278,-4.44771485432611,-4.45477927998091,-4.67142329491396,-4.4337135493128,-4.65885997305538,-4.56391688366761,-4.57604116101652,-4.55055473106285,-4.51445024434034,-4.27842193760514,-4.3429229025146,-4.24611758094049,-4.43527886486884,-4.4901341620293,-4.28365204604394,-4.2977638785371,-4.36713821202495,-4.31148583200634,-4.23636632238817,-4.55931518959178,-4.39862803406522,-4.32803923726812,-4.41049319697129,-4.36595014871987,-4.35434832109643,-4.29346969328216
"2019",-4.50322759508134,-4.38583223292646,-4.22324533134009,-4.23283609961593,-4.51571823912503,-4.12538556193725,-4.23130609543515,-4.30468869066957,-4.4406432198052,-4.4613993620696,-4.40619166372341,-4.64054949549953,-4.59830480507212,-4.71426621486769,-4.68063070915031,-4.28764073435806,-4.36000577138486,-4.47431273587382,-4.3768231146095,-4.3819089952633,-4.36164111475462,-4.4244421056526,-4.44313912973311,-4.6540140319286,-4.43017255014104,-4.65787412304506,-4.54586714155626,-4.56368388234155,-4.5379835541085,-4.50875669911362,-4.28601812249057,-4.29483141725722,-4.23901926956994,-4.45177028582636,-4.48877392287034,-4.26022398547286,-4.27518803970126,-4.36187911819654,-4.29880427408297,-4.21803574936824,-4.54408155719558,-4.40581721763657,-4.32330553225154,-4.39064399781947,-4.3489774157471,-4.36108018844153,-4.29766283169924
"2020",-4.50520164871914,-4.38487979109192,-4.2395885903226,-4.25628367455596,-4.53396433495006,-4.13738712039816,-4.24377958222413,-4.31439576076343,-4.4496892494646,-4.47463226397746,-4.39798385558783,-4.62187633735244,-4.59514776743575,-4.71527379619192,-4.67269228875269,-4.31454524460364,-4.36900736761472,-4.48277891638993,-4.40063465009327,-4.40301169112275,-4.37863617241572,-4.44670423192391,-4.43661989010941,-4.6437003380167,-4.42597744187374,-4.66900606524719,-4.54796679152612,-4.54703935449198,-4.52109792256123,-4.50014164012028,-4.29407135494967,-4.35675577394436,-4.24297384216794,-4.45400764035845,-4.51605581062541,-4.2819744141547,-4.28725862255399,-4.3511147294912,-4.3030062501366,-4.23800263782058,-4.55856059620326,-4.40006035819935,-4.31101523152219,-4.40769185043541,-4.35164836069842,-4.32787498949044,-4.30389119211578
"2021",-4.45267373467251,-4.31826742519539,-4.18086842354961,-4.22093384441306,-4.47894549618599,-4.08371979655005,-4.20787077197812,-4.26365909352639,-4.41704101199728,-4.4225574570306,-4.3478634239098,-4.55851844968829,-4.54295807677699,-4.66351014068305,-4.61187876201206,-4.2542686308206,-4.31063946922069,-4.4391883566369,-4.35025604825857,-4.36516378306768,-4.35005448428171,-4.3796384946288,-4.40640178148431,-4.59588224023979,-4.37558829751211,-4.61884110351911,-4.49024581713368,-4.48359803105801,-4.46102950858742,-4.43392826707806,-4.25950542169073,-4.27946661097768,-4.20791514323156,-4.40061481819515,-4.46166035324015,-4.22322854619236,-4.22150684025178,-4.33166803085406,-4.25408677256169,-4.18652105144292,-4.49853187782894,-4.37581027747958,-4.26857303735114,-4.35790085656545,-4.29908245934724,-4.29377166028993,-4.27442487117096
"2022",-4.36104762884901,-4.23427024232945,-4.10147823818308,-4.11757203220335,-4.39354784176653,-3.99617521130381,-4.12792720789358,-4.18528899274304,-4.31307097484668,-4.32044084879624,-4.25057958883974,-4.46392815702418,-4.43601401977013,-4.57360135213774,-4.51077833918625,-4.20341965054947,-4.20520285153784,-4.35308579345453,-4.26433338530764,-4.26472574627934,-4.25050670772789,-4.29053365738317,-4.30824114535107,-4.49688067480732,-4.29339311011051,-4.52026390080149,-4.37788350937849,-4.39017702724278,-4.38464818601972,-4.32992969818939,-4.14973772276949,-4.21791616909975,-4.14153367410361,-4.3090782558586,-4.36158591274441,-4.1503974818371,-4.16573580282766,-4.2301824908188,-4.18214361700517,-4.08027366977097,-4.4112431844858,-4.2708982032141,-4.20490659972336,-4.25091764175843,-4.21735951161324,-4.18277517473623,-4.18165077734941
