"","a0_2017","a0_2022","a0_2027","a25_2017","a25_2022","a25_2037","a55_2017","a55_2022","a55_2037"
"1",-6.06857023870548,-6.23359980460379,-6.3617922675005,-7.58067835245354,-7.62413423966797,-7.65598291618421,-5.55221269391416,-5.6329904226656,-5.69570270409178
"2",-5.95394142789844,-6.19371537921764,-6.32283382599329,-7.56317998357043,-7.66403503614968,-7.71405771988806,-5.37236657119783,-5.46363314475987,-5.5125742713326
"3",-5.49963705033534,-6.16320468509795,-6.20125761405405,-7.22092816583595,-7.6904738378133,-7.71093498316356,-5.16018370562564,-5.69665096443274,-5.738161209131
"4",-5.27552900491761,-6.34065329693952,-6.42531061139079,-7.12964087185795,-7.91816577448719,-7.97965942662702,-5.09767058046262,-5.82306951576198,-5.88331352852753
"5",-6.10026207363767,-6.35967144343264,-6.50830824319954,-7.52243052334592,-7.57071860996488,-7.59489354925849,-5.53998773435125,-5.65449243544512,-5.7216679708232
"6",-5.90430934712804,-6.07869267485909,-6.18520707561746,-7.56475087442457,-7.61805879136878,-7.64838198297644,-5.64745223699282,-5.76012110696181,-5.82986794282137
"7",-5.77843598020159,-6.21042934160077,-6.32696805310026,-7.48481508292548,-7.54517451277693,-7.55563372643475,-5.46514202298642,-5.65240708363867,-5.70170064317193
"8",-5.92876959930791,-6.15013207923783,-6.22929289418798,-7.56003982584761,-7.62112251394884,-7.63848180048404,-5.54344838017318,-5.67312864111237,-5.72019238373502
"9",-5.89585804757432,-6.20866578896656,-6.33364504489626,-7.58274530293763,-7.64333721219122,-7.66172735141123,-5.54553975010432,-5.70147015014033,-5.76385577972565
"10",-6.02870753724534,-6.25423029215802,-6.36112341860501,-7.62856146753606,-7.66443668515327,-7.67613152142058,-5.61307057804286,-5.71586517739918,-5.76424770292646
"11",-6.08219921057049,-6.349554777807,-6.5069409690894,-7.80402649531736,-7.87501698877232,-7.91357145455583,-5.63184374646896,-5.74770771677235,-5.8156155589322
"12",-6.0213548442879,-6.22175356658306,-6.31133377957603,-7.76408160693574,-7.83827425394192,-7.8701030384486,-5.62836846288649,-5.73447005873232,-5.78331118944671
"13",-6.1189547956731,-6.41919673678664,-6.58157511017094,-7.95963666516264,-8.06637238158728,-8.12342624072057,-5.62603146784736,-5.77617737649157,-5.8574862543582
"14",-5.9941962748811,-6.26500442678302,-6.38887815570567,-7.89091257311324,-7.96846791902627,-8.00149794353895,-5.66210324766471,-5.81416725749945,-5.88416830617578
"15",-6.13874256454248,-6.3077189485261,-6.49144255293432,-7.6597961427974,-7.68585813275751,-7.71137825820288,-5.63952821266643,-5.7077528461601,-5.78108369364625
"16",-6.0142767787233,-6.26643311309529,-6.39332814843448,-7.6299132319794,-7.65514113995508,-7.66400521188913,-5.67002328311324,-5.78150674697917,-5.83860441396369
"17",-6.03201782773505,-6.31973808509831,-6.51255601816388,-7.80585497559487,-7.88892725738417,-7.93950877168346,-5.7016647186852,-5.81811142005658,-5.89620709596652
"18",-5.94461912987648,-6.16051298280412,-6.31215753348826,-7.77192805659419,-7.85153155129116,-7.90511236727948,-5.75956266221588,-5.87468646068842,-5.95682933129633
"19",-6.07091692905804,-6.3928918182631,-6.56796711754984,-7.65612345726761,-7.6864647052117,-7.70100460248414,-5.57935622078534,-5.70852118462838,-5.77579848264744
"20",-6.32004639488264,-6.6707324914181,-6.85340441373209,-7.66515195578471,-7.71006463681122,-7.72906088387591,-5.76186825954826,-5.90087275413098,-5.97451893838184
"21",-6.00191496298282,-6.22867406188446,-6.35411732273325,-7.7292405038324,-7.82413226457604,-7.87267050125038,-5.71872810627551,-5.86479841655885,-5.94763523909136
"22",-6.06479682019403,-6.3312767552294,-6.44772938721513,-7.76302382102167,-7.83578463976168,-7.86318062771597,-5.66371740653247,-5.81493640645482,-5.88152373703206
"23",-6.07247722505062,-6.31939933170754,-6.44234970460721,-7.81519157730898,-7.8977692493372,-7.93715731979125,-5.7081218762553,-5.85890762912969,-5.93416592087603
"24",-5.99135655293956,-6.28581413143111,-6.45970972333885,-7.63444373129878,-7.7060063414665,-7.74395791959722,-5.69007337524858,-5.83843277874303,-5.92529111316898
"25",-5.99089870722557,-6.27029788534044,-6.42890341111235,-7.82076265696684,-7.9482340460491,-8.01399206036311,-5.82488965416191,-6.01408650498429,-6.12082408261391
"26",-6.08422258639521,-6.42664480968006,-6.57395088360109,-7.87055733605276,-8.02007458100729,-8.07966755861639,-5.71597601462269,-5.8972003687179,-5.9753018697324
"27",-6.08388470704564,-6.3215865889624,-6.46564327998181,-7.81420212131136,-7.88921139509816,-7.93246118724335,-5.52775065686453,-5.65386722934227,-5.72994833444248
"28",-6.16440702529118,-6.46146497635884,-6.64470278985711,-7.76831333512029,-7.91089967301083,-7.99369470861875,-5.64850482835123,-5.81784238724472,-5.92277652208199
"29",-6.00163004110708,-6.24292270000249,-6.39065339222466,-7.81384571124792,-7.90591517715702,-7.95994448853173,-5.72038147903657,-5.87182013377927,-5.96598785174696
"30",-6.02381213439819,-6.30873472889742,-6.43572557860538,-7.62587468622083,-7.67766364065156,-7.69773279419653,-5.5642001136222,-5.73325196588609,-5.80976985341832
"31",-6.04354552005391,-6.27631862211672,-6.45946059289862,-7.57017249871437,-7.61248022394714,-7.64140679618761,-5.57915226780506,-5.71289385752466,-5.81804079193714
"32",-6.04744671182378,-6.3384296417236,-6.54268170250112,-7.56322524466194,-7.60392401986121,-7.62968678177071,-5.59438785694094,-5.72474363279014,-5.8175549384183
"33",-6.11329325547312,-6.41411447197025,-6.58026252321293,-7.78505368916697,-7.87702493564718,-7.92213717902661,-5.68168248831134,-5.82861467237862,-5.91353730622653
"34",-6.13234631625516,-6.44347109965206,-6.59617603216833,-7.74062325276388,-7.85879145299014,-7.91124331422007,-5.6613438675585,-5.8222012123283,-5.90173719505331
"35",-6.03303473812411,-6.35801668171755,-6.55019622598302,-7.66081595926578,-7.79284898812421,-7.86334182682972,-5.58138875124214,-5.75583289769859,-5.85874998800114
"36",-5.76539886936683,-5.92771070875344,-6.06070316307335,-7.6012645250799,-7.63528999135595,-7.66388805376174,-5.59839190944987,-5.7362008164868,-5.85654212241732
"37",-6.15750732513232,-6.43353243814108,-6.60546788539134,-7.60849420404809,-7.66877132010891,-7.70108086997527,-5.64445799177187,-5.75384547353615,-5.82133534930166
"38",-6.24970432895981,-6.58894888278452,-6.82911047099217,-7.58989031637356,-7.64035351922309,-7.671337799458,-5.52229626666893,-5.62367776890459,-5.69701293974938
"39",-5.87874676264862,-6.16614417794064,-6.28849686383424,-7.66716726985978,-7.76246302488811,-7.79570396798376,-5.48498435105223,-5.61152376403378,-5.66483054762267
"40",-6.02753327299642,-6.29432252665199,-6.43887728302391,-7.75521981992644,-7.85060048062755,-7.89875204642968,-5.58601410577404,-5.74038836942872,-5.8247203566109
"41",-6.14214093594644,-6.48321656742104,-6.66427590921009,-7.73950497431326,-7.84608969745102,-7.8942713379333,-5.57103595246191,-5.73238258658819,-5.81781044440559
"42",-5.93439635956052,-6.11316675268763,-6.25299555882699,-7.6093197860471,-7.6787721133417,-7.72847222943429,-5.56357932527934,-5.6785636590715,-5.7709741121966
"43",-6.02243935140741,-6.27314864343613,-6.36826931472293,-7.73584398879923,-7.83363307020055,-7.8624113899121,-5.65973209697733,-5.79305968944586,-5.84470453971352
"44",-6.03012013997182,-6.28737504707308,-6.45117889305043,-7.58912113271826,-7.64089875338032,-7.66956360034346,-5.65280185414603,-5.81084443695378,-5.9116630993045
"45",-5.92693977606494,-6.18147559238632,-6.28468727400957,-7.721605629644,-7.82383853238144,-7.85615090163213,-5.55243443283811,-5.66225720749014,-5.70717020654535
"46",-5.9224460759487,-6.15153471257134,-6.24547202697068,-7.68500171723376,-7.76728767703768,-7.79286595074828,-5.51917228877285,-5.64810465635708,-5.70041265886855
